idx,MPN from Gsheet,Title,Price,Link
0,PA03770-B615,,,
1,PA03770-B635,,,
2,B11B252201,Epson WorkForce ES-50 Portable Document Scanner,$99.99,https://www.adorama.com/iesses50.html?origterm=B11B252201&searchredirect=true
3,B11B226201,"Epson WorkForce ES-400 Duplex Document Scanner, 300 dpi Optical/1200 dpi Maximum Resolution, Up to 35 ppm/70 ipm Scan Speed, 50 Sheet Automatic Document Feeder",$329.99,https://www.adorama.com/ieses400.html?origterm=B11B226201&searchredirect=true
4,C31C514767,,,
5,L0H24A,HP LaserJet 110V Maintenance Kit,$327.99,https://www.adorama.com/ihpl0h24a.html?origterm=L0H24A&searchredirect=true
6,DS690GT-AS,,,
7,5HB11A,"HP DesignJet T630 Large Format Printer, 36"" Color Inkjet Plotter, Wireless","$1,899.00",
8,4229C001,,,
9,ADS-1200,"Flashpoint XPLOR Power 1200 Pro R2 TTL Flash and Pack Kit With High-Capacity Battery 36V, 5200mAh (Godox AD1200 Pro)","$1,599.00",https://www.adorama.com/fplfx1200khb.html?origterm=ADS-1200&searchredirect=true
10,C11CJ21201,Epson EcoTank Photo ET-8550 Wide-Format All-in-One Cartridge-Free Supertank Inkjet Printer,$699.99,https://www.adorama.com/ieset8550.html?origterm=C11CJ21201&searchredirect=true
11,B11B224201,"Epson Perfection V850 Pro Flatbed Photo Scanner, 6400 dpi Scanning Resolution, 12/15 s/page Color Speed, 4 Dmax Optical Density, USB 2.0, 2 Sets of Four Film Holders","$1,299.00",https://www.adorama.com/iesv850p.html?origterm=B11B224201&searchredirect=true
12,W1A80A,"HP Color LaserJet Pro MFP M479fdw Wireless Duplex Laser Printer, 27ppm (Black/Color), 600x600 dpi, 250 Sheet Standard Input Tray, Dual-Band Wi-Fi - Print, Copy, Scan, Fax, Email",$899.99,https://www.adorama.com/ihpm479fdw.html?origterm=W1A80A&searchredirect=true
13,8AG32A,"HP DesignJet T210 Large Format Printer, 24"" Color Inkjet Plotter, Wireless",$699.00,
14,B11B258201,Epson WorkForce ES-580W Wireless Duplex Touchscreen Desktop Document Scanner,$329.99,https://www.adorama.com/ies580w.html?origterm=B11B258201&searchredirect=true
15,B11B258201,Epson WorkForce ES-580W Wireless Duplex Touchscreen Desktop Document Scanner,$329.99,https://www.adorama.com/ies580w.html?origterm=B11B258201&searchredirect=true
16,B11B258201,Epson WorkForce ES-580W Wireless Duplex Touchscreen Desktop Document Scanner,$329.99,https://www.adorama.com/ies580w.html?origterm=B11B258201&searchredirect=true
17,ADS-1700W,Brother ADS-1700W Wireless Document Scanner,$279.99,https://www.adorama.com/brads1700w.html?origterm=ADS-1700W&searchredirect=true
18,HL-L2390DW,Brother HL-L2390DW All-In-One Monochrome Laser Printer,$223.99,https://www.adorama.com/brhll2390dw.html?origterm=HL-L2390DW&searchredirect=true
19,A320E,,,
20,B11B241201,"Epson WorkForce ES-200 Portable Duplex Document Scanner, 600 dpi Optical/1200 dpi Interpolated Resolution, 25ppm/50ipm (for Black/White, Color and Gray) Scan Speed, 20 Sheet Automatic Document Feeder",$189.99,https://www.adorama.com/ieses200.html?origterm=B11B241201&searchredirect=true
21,B11B241201,"Epson WorkForce ES-200 Portable Duplex Document Scanner, 600 dpi Optical/1200 dpi Interpolated Resolution, 25ppm/50ipm (for Black/White, Color and Gray) Scan Speed, 20 Sheet Automatic Document Feeder",$189.99,https://www.adorama.com/ieses200.html?origterm=B11B241201&searchredirect=true
22,C12C933151,"Epson 24"" Optional Stand for SureColor T3170 Wireless Printer",$262.00,https://www.adorama.com/ies12c933151.html?origterm=C12C933151&searchredirect=true
23,ADS-3300W,,,
24,ADS-3300W,,,
25,7KW64A,"HP Color LaserJet Pro M255dw Wireless Duplex Laser Printer, 22ppm Black/Color, 250 Sheet Standard Input Tray",$569.00,https://www.adorama.com/ihpm255dw.html?origterm=7KW64A&searchredirect=true
26,B11B237201,Epson FastFoto FF-680W Wireless High-Speed Photo and Document Scanning System,$499.99,https://www.adorama.com/iesff680w.html?origterm=B11B237201&searchredirect=true
27,4471C037,Canon MAXIFY GX7021 Wireless MegaTank Small Office All-In-One Inkjet Printer,$599.99,https://www.adorama.com/icagx7021.html?origterm=4471C037&searchredirect=true
28,MFC-J4535DW,,,
29,C31CE94061,,,
30,DS-940DW,Brother DS940DW Duplex and Wireless Compact Mobile Document Scanner,$189.99,https://www.adorama.com/brds940dw.html?origterm=DS-940DW&searchredirect=true
31,MFC-L2690DW,,,
32,MFC-L2690DW,,,
33,5209C001,Canon ImageFORMULA RS40 Photo And Document Scanner,$379.00,https://www.adorama.com/icars40.html?origterm=5209C001&searchredirect=true
34,PA03688-B005,"Fujitsu ScanSnap iX100 Wireless Mobile Sheetfed Scanner, 600 dpi Optical Resolution, 5.2 Seconds Per Page Mono/Color Scan Speed",$199.99,https://www.adorama.com/fuix100.html?origterm=PA03688-B005&searchredirect=true
35,W1Y45A,"HP Color LaserJet Pro M454dw Wireless Duplex Laser Printer, 27ppm (Black/Color), 600x600 dpi, 250 Sheet Standard Input Tray, Dual-Band Wi-Fi",$649.00,https://www.adorama.com/ihpm454dw.html?origterm=W1Y45A&searchredirect=true
36,W1Y45A,"HP Color LaserJet Pro M454dw Wireless Duplex Laser Printer, 27ppm (Black/Color), 600x600 dpi, 250 Sheet Standard Input Tray, Dual-Band Wi-Fi",$649.00,https://www.adorama.com/ihpm454dw.html?origterm=W1Y45A&searchredirect=true
37,B11B177011,,,
38,GK42-202510-000,,,
39,3297B002,"Canon CanoScan LiDE 700F Color Image Scanner with 9600x9600dpi Resolution, High Speed USB Interface for Mac & Windows",$111.00,https://www.adorama.com/icacsl700.html?origterm=3297B002&searchredirect=true
40,QL-820NWB,,,
41,C31CE95022,,,
42,J8H61A,HP LaserJet Pro M501dn Black and White Laser Printer,$659.00,
43,3D45-01 ,,,
44,B11B210201,,,
45,B11B210201,,,
46,QL-1110NWB,"Brother QL1110 Wide Format Professional Label Printer with Multiple Connectivity Options, 4.09"" Label Width, 69 Labels Per Min Print Speed, 300x300 dpi Resolution, Black & White",$349.99,https://www.adorama.com/brql1110nwb.html?origterm=QL-1110NWB&searchredirect=true
47,39449590,,,
48,MFC-J491DW,Brother Work Smart Series MFC-J491DW Compact Color All-In-One Printer,$149.99,https://www.adorama.com/brmfcj491dw.html?origterm=MFC-J491DW&searchredirect=true
49,MFC-J491DW,Brother Work Smart Series MFC-J491DW Compact Color All-In-One Printer,$149.99,https://www.adorama.com/brmfcj491dw.html?origterm=MFC-J491DW&searchredirect=true
50,CZ045A,,,
51,C31CA85084,"Epson TM-T88V Thermal Receipt Printer, Monochrome, 11.8""/second Speed, 4KB Memory, 25-pin RS-232C, Gray",$349.00,https://www.adorama.com/iestmt88trp2.html?origterm=C31CA85084&searchredirect=true
52,C31CA85084,"Epson TM-T88V Thermal Receipt Printer, Monochrome, 11.8""/second Speed, 4KB Memory, 25-pin RS-232C, Gray",$349.00,https://www.adorama.com/iestmt88trp2.html?origterm=C31CA85084&searchredirect=true
53,MFC-7240,"Brother MFC-7240 Monochrome Laser Multifunction Printer, 21ppm, 2400 x 600 dpi, 250 Sheet Input Tray, USB 2.0 - Print, Copy, Scan, Fax",$229.99,https://www.adorama.com/brmfc7240.html?origterm=MFC-7240&searchredirect=true
54,B11B259201,Epson DS-730N Network Color Document Scanner,$499.00,https://www.adorama.com/iesds730n.html?origterm=B11B259201&searchredirect=true
55,3PZ55A,,,
56,3PZ55A,,,
57,C11CJ89201,Epson EcoTank Pro ET-5150 Wireless All-in-One Cartridge-Free Supertank Inkjet Printer,$449.99,https://www.adorama.com/ieset5150.html?origterm=C11CJ89201&searchredirect=true
58,C635011UCM,,,
59,C31CE74002,,,
60,LW-PX400,,,
61,D3Q20A,"HP PageWide Pro 477dw D3Q20A Wireless Multifunction Inkjet Printer, 40 ppm Black/Color, 2400x1200 dpi Color, 550 Sheet Standard Input Tray, Wi-Fi Direct and NFC Touch-to-Print - Print, Copy, Scan, Fax","$1,129.99",https://www.adorama.com/ihpwp477dw.html?origterm=D3Q20A&searchredirect=true
62,P-822D,,,
63,C31C514653,,,
64,C31C514653,,,
65,C31C514653,,,
66,C31C514667,,,
67,5550C002,Canon MAXIFY GX5020 Wireless MegaTank Small Office Inkjet Printer,$299.99,https://www.adorama.com/icagx5020.html?origterm=5550C002&searchredirect=true
68,C31C514667 ,,,
69,B11B152011,,,
70,C315/DNI,Xerox C315 Wireless Duplex Multifunction Color Laser Printer,$719.99,https://www.adorama.com/xec315dni.html?origterm=C315%2fDNI&searchredirect=true
71,GX43-102410-000,,,
72,B11B249201,"Epson WorkForce DS-410 Document Scanner, 26 ppm/52 ipm",$349.00,https://www.adorama.com/iesb11b24921.html?origterm=B11B249201&searchredirect=true
73,P811BK,"Kodak P811BK Personal Photo & Negative Scanner 8x10"" Photo Size, USB 2.0 - Black",$59.95,https://www.adorama.com/ikkp811bk.html?origterm=P811BK&searchredirect=true
74,282P-101110-000,,,
75,T6B82A,"HP LaserJet Pro M281fdw Wireless Color Multifunction Laser Printer, 21 ppm, 600x600 dpi, 250 Sheet Input Tray - Print, Copy, Scan, Fax",$429.00,https://www.adorama.com/ihpm281fdw.html?origterm=T6B82A&searchredirect=true
76,9316A001,,,
77,SPP-R200IIIiK,,,
78,5779C002,Canon MAXIFY GX4020 Wireless MegaTank Small Office All-In-One Inkjet Printer,$499.99,https://www.adorama.com/icagx4020.html?origterm=5779C002&searchredirect=true
79,PA03656-B005,,,
80,18M0751,Lexmark MB2236i Wireless Multi Monochrome Duplex Laser Printer,$309.99,
81,282P-201110-000,,,
82,282p-201110-000,,,
83,3102C019,,,
84,Q2440B,,,
85,F6W15A,,,
86,62412901,"OKI Data Microline 320 Turbo Dot Matrix Printer, 435 cps, 240x216dpi, Parallel/Serial/USB, 120V",$581.49,https://www.adorama.com/okml320td.html?origterm=62412901&searchredirect=true
87,BTP-R180II,,,
88,CX042A,,,
89,HL-L5000D,,,
90,6228B002,"Canon PIXMA PRO-100 Professional Inkjet Photo Printer, 4800x2400 Resolution, WiFi, 13x19"" Max Paper Size",$549.00,https://www.adorama.com/icapro100.html?origterm=6228B002&searchredirect=true
91,6228B002,"Canon PIXMA PRO-100 Professional Inkjet Photo Printer, 4800x2400 Resolution, WiFi, 13x19"" Max Paper Size",$549.00,https://www.adorama.com/icapro100.html?origterm=6228B002&searchredirect=true
92,6228B002,"Canon PIXMA PRO-100 Professional Inkjet Photo Printer, 4800x2400 Resolution, WiFi, 13x19"" Max Paper Size",$549.00,https://www.adorama.com/icapro100.html?origterm=6228B002&searchredirect=true
93,6228B002,"Canon PIXMA PRO-100 Professional Inkjet Photo Printer, 4800x2400 Resolution, WiFi, 13x19"" Max Paper Size",$549.00,https://www.adorama.com/icapro100.html?origterm=6228B002&searchredirect=true
94,LW-PX700,,,
95,SRP-275IIICOESG,,,
96,MK7580-30B38-02-A,,,
97,C310/DNI,Xerox C310/DNI Wireless Duplex Color Laser Printer,$579.99,
98,C11CD16201,,,
99,GX42-202410-000,,,
100,CN551A,,,
101,1PV88A,"HP LaserJet Enterprise M507x Monochrome Laser Printer, 4.3"" Touchscreen Display, 45 ppm Black, 1200x1200 dpi, 650-Sheet Standard Input Tray (Automatic Duplex Printing)","$1,099.00",https://www.adorama.com/ihpm507x.html?origterm=1PV88A&searchredirect=true
102,B5L48A,HP Color LaserJet Enterprise Flow MFP M577z Multifunction Color Printer,"$3,099.00",https://www.adorama.com/ihpm577z.html?origterm=B5L48A&searchredirect=true
103,C11CJ88202,Epson EcoTank Pro ET-5180 Wireless All-in-One Cartridge-Free Supertank Inkjet Printer,$649.99,https://www.adorama.com/ieset5180.html?origterm=C11CJ88202&searchredirect=true
104,C11CJ88202,Epson EcoTank Pro ET-5180 Wireless All-in-One Cartridge-Free Supertank Inkjet Printer,$649.99,https://www.adorama.com/ieset5180.html?origterm=C11CJ88202&searchredirect=true
105,C11CJ88202,Epson EcoTank Pro ET-5180 Wireless All-in-One Cartridge-Free Supertank Inkjet Printer,$649.99,https://www.adorama.com/ieset5180.html?origterm=C11CJ88202&searchredirect=true
106,CF394A,,,
107,CZ993A,"HP OfficeJet 200 Mobile Wireless Thermal Inkjet Printer, Up to 10ppm Black/Up to 7ppm Color, Up to 4800x1200 dpi Maximum, Up to 50 Sheet Standard Input Tray",$399.99,https://www.adorama.com/ihpcz993a.html?origterm=CZ993A&searchredirect=true
108,ZD42042-D01000EZ,,,
109,CE712A,,,
110,CX017A,,,
111,39634010,,,
112,J6058A ,,,
113,800DX ,,,
114,1PV87A,"HP LaserJet Enterprise M507dn Monochrome Laser Printer, 45 ppm Black, 1200x1200 dpi, 650-Sheet Standard Input Tray (Automatic Duplex Printing)",$879.00,https://www.adorama.com/ihpm507dn.html?origterm=1PV87A&searchredirect=true
115,A9T80A,,,
116,MFC-J480DW,,,
117,29S0050,Lexmark MS431dn Duplex Monochrome Laser Printer,$349.00,https://www.adorama.com/lexms431dn.html?origterm=29S0050&searchredirect=true
118,9622B002,,,
119,CB410A,,,
120,3D20-01,,,
121,J7Z99A,"HP Color LaserJet Enterprise M652dn Laser Printer, 50ppm, 1200x1200 dpi, 650 Sheet Standard Paper Capacity, Automatic Duplexing","$1,379.00",https://www.adorama.com/ihpj7z99a.html?origterm=J7Z99A&searchredirect=true
122,B11B251201,"Epson DS-970 Color Duplex Workgroup Document Scanner, 85 ppm/170 ipm","$1,299.00",https://www.adorama.com/iesb11b25121.html?origterm=B11B251201&searchredirect=true
123,B11B251201,"Epson DS-970 Color Duplex Workgroup Document Scanner, 85 ppm/170 ipm","$1,299.00",https://www.adorama.com/iesb11b25121.html?origterm=B11B251201&searchredirect=true
124,1102RB2US0,,,
125,GX43-102510-000,,,
126,GX43-102510-000,,,
127,â€ŽGX43-102510-000,,,
128,C31CA85330,,,
129,B11B205221 ,"Epson Workforce DS-6500 Document Scanner, 1200 dpi Flatbed Resolution, 100 Pages Capacity, Hi-Speed USB 2.0, Max. Size 8.5x40""",$999.00,https://www.adorama.com/iesds6500.html?origterm=B11B205221&searchredirect=true
130,MFC-J6920DW,,,
131,CB411A,,,
132,3335/DNI,"Xerox WorkCentre 3335/DNI Wireless Monochrome All-in-One Laser Printer, 35ppm, 1200x1200 dpi, 300 Sheet Standard Capacity, WiFi - Print, Copy, Scan, Fax",$349.00,https://www.adorama.com/xe3335dni.html?origterm=3335%2fDNI&searchredirect=true
133,39654310,,,
134,B205/NI,"Xerox B205 Wireless Monochrome Laser Multifunction Printer, 31ppm, 1200x1200 dpi, 250 Sheet - Print, Scan, Copy, Email",$229.00,https://www.adorama.com/xeb205ni.html?origterm=B205%2fNI&searchredirect=true
135,ZT23042-T01200FZ,,,
136,C31CB25462,,,
137,1755120,"Dymo 1755120 LabelWriter 4XL Direct Thermal Label Printer, Monochrome, Up to 192""/min, 300x300dpi, USB, Black",$467.07,https://www.adorama.com/dy4xllp.html?origterm=1755120&searchredirect=true
138,1755120,"Dymo 1755120 LabelWriter 4XL Direct Thermal Label Printer, Monochrome, Up to 192""/min, 300x300dpi, USB, Black",$467.07,https://www.adorama.com/dy4xllp.html?origterm=1755120&searchredirect=true
139,MFC-J475DW,,,
140,ZD4A042-D01E00EZ,,,
141,CB092A,,,
142,CB092A,,,
143,1200G-2USB-1,Honeywell Voyager 1200g 1D Single-Line Laser Barcode Scanner,$200.00,https://www.adorama.com/hovo1200g.html?origterm=1200G-2USB-1&searchredirect=true
144,39472310,,,
145,J8A04A,"HP Color LaserJet Enterprise M653dn Laser Printer, 60ppm, 1200x1200 dpi, 650 Sheet Standard Input Tray, Auto Duplex","$2,089.00",https://www.adorama.com/ihpm653dn.html?origterm=J8A04A&searchredirect=true
146,CB026A,,,
147,PA03656-B355,,,
148,M15MX,,,
149,P1046696-016,,,
150,CN547A,,,
151,HL-L6250DW,,,
152,1PV65A,"HP LaserJet Enterprise MFP M528f Monochrome Laser Printer, Up to 45ppm, Up to 1200x1200 dpi, 550 Sheet Standard Input Tray - Print, Copy, Scan, Fax","$2,309.00",https://www.adorama.com/ihpm528f.html?origterm=1PV65A&searchredirect=true
153,ZD42042-T01000EZ,,,
154,1300G-2,,,
155,7PS86A,,,
156,5292B002,,,
157,ZD6A142-D01L01EZ,,,
158,CB815A,,,
159,CB815A,,,
160,Q5401A,,,
161,ZT41143-T410000Z,,,
162,6022/NI,"Xerox Phaser 6022/NI Wireless Compact Color LED Photo Printer, 18ppm Black/Color, 1200x2400dpi, WiFi, Up to 8.5"" x 14"" Paper Size",$279.00,https://www.adorama.com/xexe6022ni.html?origterm=6022%2fNI&searchredirect=true
163,39481270,,,
164,ZT23042-D01000FZ,,,
165,CC476A,,,
166,1102V22US0,,,
167,C31CE94A9921,,,
168,B1160w,Dell YK1PM Black Toner Cartridge,$97.49,https://www.adorama.com/delyk1pm.html?origterm=B1160w&searchredirect=true
169,36S0100,,,
170,ZD62042-T01F00EZ,,,
171,CT-S4000RSU-BK,,,
172,1950HHD-5USB-N,,,
173,PD43A03100000211,,,
174,GX42-202511-000,,,
175,MFC-L6750DW,"Brother MFC-L6750DW All-in-One Monochrome Wireless Laser Printer with Advanced Duplex, 48 ppm Print Speed (Black), Up to 56 ipm Duplex Scan Speed (Black), Up to 1200x1200 dpi, 520 Sheet Standard Input Tray - Print, Copy, Scan, Fax",$949.00,https://www.adorama.com/brmfcl6750dw.html?origterm=MFC-L6750DW&searchredirect=true
176,9392B002,"Canon imageFORMULA DR-M1060 Office Document Scanner, 600dpi Optical Resolution, Up to 60ppm Simplex/120ipm Duplex, 60 Sheets Capacity","$1,789.00",https://www.adorama.com/icadrm1060.html?origterm=9392B002&searchredirect=true
177,K0Q21A,"HP LaserJet Enterprise M609dn Monochrome Laser Printer, 75ppm, 1200x1200 dpi, 650 Sheet Capacity, 2.7"" LCD with Keypad, Auto Duplex","$1,799.00",https://www.adorama.com/ihpm609dn.html?origterm=K0Q21A&searchredirect=true
178,C11C589011,,,
179,39464910,,,
180,39464910,,,
181,39464910,,,
182,C11C607011,,,
183,C11C663011,,,
184,M3I-0UB00010-00,,,
185,M3I-0UB00010-00,,,
186,45UV5-1009,,,
187,45UV5-1009,,,
188,45UV5-1009,,,
189,ZT51042-T010000Z,,,
190,B3Q11A,,,
191,ZQ61-HUWA000-00,,,
192,30G0100,,,
193,LS2208-SR20007NA,,,
194,149552,"Matthews 24x36"" Open End Scrim - Double Scrim, White",$165.00,https://www.adorama.com/mt149552.html?origterm=149552&searchredirect=true
195,3149C009,,,
196,ZD42042-C01E00EZ,,,
197,RS51B0-TESNWR,,,
198,LS2208-SR20007R-UR,,,
199,ZD42042-C01000EZ,,,
200,E4W43A,,,
201,CZ181A,,,
202,ZQ61-AUFA000-00,,,
203,37999950,,,
204,284Z-20300-0001,,,
205,ML-2510,Samsung ML-2510 Monochrome Compact Laser Printer with 1200x600 dpi Resolution and Up to 24 ppm Print Speed,$139.95,https://www.adorama.com/ssgml2510.html?origterm=ML-2510&searchredirect=true
206,1900GSR-2USB-2,,,
207,1900GSR-2USB-2,,,
208,5HB09A,"HP DesignJet T630 Large Format Printer, 24"" Color Inkjet Plotter, Wireless","$1,399.00",
209,PD42GJ1100001020,,,
210,PC43DA00000201,,,
211,LS2208-SR20001R-NA,,,
212,282P-101210-000,,,
213,282P-101210-000,,,
214,C11CA40201,,,
215,ZT22042-T01200FZ,,,
216,2824-11100-0001,,,
217,CZ195A,,,
218,C405/DNM,,,
219,PR-C101,,,
220,WWCL90061,,,
221,CF456A,,,
222,6600/N,,,
223,DS4308-SR7U2100AZW,,,
224,BW868AA,,,
225,Q6455A,,,
226,MFC-7220,,,
227,ZT62063-T010100Z,,,
228,CB373A,,,
229,CB373A,,,
230,P225,,,
231,1PS54A,,,
232,CT-S280RSU-WH,,,
233,HL-L2395DW ,Brother HL-L2395DW All-In-One Monochrome Laser Printer,$219.99,https://www.adorama.com/brhll2395dw.html?origterm=HL-L2395DW&searchredirect=true
234,LS3408-FZ20005R,,,
235,39V1699,,,
236,DS3608-ER20003VZWW,,,
237,LS3578-FZ20005WR,,,
238,LI4278-SR20007WR,,,
239,LI4278-SR20007WR,,,
240,LI4278-SR20007WR,,,
241,LI4278-SR20007WR,,,
242,MC40N0-HLK3R01,,,
243,DPU-414,Seiko Instruments BP-4005-E Rechargeable NiMH Battery Pack for DPU414 Dot Matrix Printer,$61.49,https://www.adorama.com/sedpubp.html?origterm=DPU-414&searchredirect=true
244,DS4308-HD00007ZZWW,,,
245,1911IER-3USB-5-N,,,
246,PT-1200,,,
247,MFC-7340,,,
248,DS8108-HCBU2104ZVW,,,
249,DS8108-HC4000BVZWW,,,
250,3633-3021,,,
251,MF5770,,,
252,C11C574001,,,
253,C11CG01201,"Epson WorkForce Pro WF-4730 All-In-One Inkjet Printer with Wi-Fi, 20/12ppm Simplex/Duplex, 4800x1200dpi, 2x 250 Sheets Input Trays - Print, Copy, Scan, Fax",$199.99,https://www.adorama.com/ieswf4730.html?origterm=C11CG01201&searchredirect=true
254,90T6005,,,
255,C11C529001,,,
256,CF145A,,,
257,P1079903-021,,,
258,44848811,,,
259,Q8061A,,,
260,LI3678-SR0F003VZWW,,,
261,DS6878-HC2000BWR,,,
262,SR-1000W,Arri CP-40 1000W/220-240V Lamp for and Other 1K Fresnels,$50.00,https://www.adorama.com/ar531142.html?origterm=SR-1000W&searchredirect=true
263,39632110,,,
264,ZT23042-T11200FZ,,,
265,SZ-V04X,,,
266,FIS-6300-4011G,,,
267,FIS-0830-0004G,,,
268,ZT41042-D310052Z,,,
269,MK2431ND-00B138,,,
270,MK2431ND-00B138,,,
271,CN51AN1KCF1A2000,,,
272,DS3678-SR3U4210SFW,,,
273,828-0158-1R,,,
274,5777C002,Canon MAXIFY GX3020 Wireless MegaTank Small Office All-In-One Inkjet Printer,$399.99,https://www.adorama.com/icagx3020.html?origterm=5777C002&searchredirect=true
275,SBRX1,,,
276,CR2278-PC10004WW,,,
277,CO5330-BK,,,
278,LBD42-2043-016G,,,
279,39448510,,,
280,282P-201510-000,,,
281,CRD-MC93-2SUCHG-01,,,
282,200380-100,,,
283,UP-D711MD,,,
284,ColorMax8,,,
285,Q6659A,,,
286,Q6659A,,,
287,C8547A,,,
288,45UV5-1000,,,
289,1028934,,,
290,SR-2000W,,,
291,SZ-VH1X,,,
292,SZ-VH1X,,,
293,B5L05A,,,
294,L2719A,,,
295,CC335A,,,
296,ML-2525,"Samsung MLT-D105L High Yield Black Toner Cartridge, for ML-2525, SCX-4600, SCX-4623F, SF-650 Laser Printers (Approx Yield: 2,500 Pages)",$70.99,https://www.adorama.com/ssgmltd105l.html?origterm=ML-2525&searchredirect=true
297,P1022147,,,
298,PA03576-D809,,,
299,MC5040-PK0DBQEA7WR,,,
300,B4L03A,,,
301,CLP-315,"Samsung CLT-W409 Waste Toner Container for CLP-315, CLP-315W, CLX-3175FN, CLX-3175FW Printers (Approx 10000 Sheets Capacity )",$14.95,https://www.adorama.com/ssgcltw409.html?origterm=CLP-315&searchredirect=true
302,1722719,,,
303,B11B256201,"Epson DS-30000 Large-Format Duplex Document Scanner, 55 ppm/110 ipm Portrait","$2,499.00",https://www.adorama.com/iesds30000.html?origterm=B11B256201&searchredirect=true
304,828-0105-2R,,,
305,GBT4500-HC-HD-WLC,,,
306,CR2701-100-A271-C36-MB6,,,
307,ZT42163-T410000Z,,,
308,MC930B-GSEDG4NA,,,
309,1056430,,,
310,SCT36SCAN,"Epson Multifunction Scanner Module for SureColor T5270 and T5270D Printers, 6"" Color Scan Speed, 200-600dpi Output","$5,435.00",https://www.adorama.com/iesmfps.html?origterm=SCT36SCAN&searchredirect=true
311,937900008,,,
312,ZT61046-T210100Z,,,
313,PX6E010000001120,,,
314,MC930P-GSBCG4NA,,,
315,MC930P-GSACG4NA,,,
316,MC930P-GSBHG4NA,,,
317,7212-1050-0003,,,
318,ZT41142-T01A000Z,,,
319,943500037,,,
320,PM43CA113000020,,,
321,PD4500B0030000200,,,
322,7980G-2USBA-0-6,,,
323,ZD6AH43-D01F00EZ,,,
324,C31CG62A9871,,,
325,ZD6AH43-D01F00EZ,,,
326,ZD4A042-C01M00EZ,,,
327,8670100RINGSCR-N,,,
328,ZD6AH42-D01L01EZ,,,
329,ZD4A043-301M00EZ,,,
330,825-0136-1R,,,
331,ZQ32-A0W01R0-00,,,
332,ZQ32-A0W01R0-00,,,
333,GK42-202511-000,,,
334,GK42-102520-000,,,
335,01971-810,,,
336,DS4608-HC4000BVZWW,,,
337,CR2701-100-FIPS,,,
338,GK42-102520-000,,,
339,3C753A,"HP DesignJet T200/T600 24"" Printer Stand",$299.00,https://www.adorama.com/ihpdjt2624ps.html?origterm=3C753A&searchredirect=true
340,C31CJ95022 ,,,
341,C31CJ27012,,,
342,C31C412A7231,,,
343,1990ISR-3USB-N,,,
344,GM4500-BK-910K1,,,
345,DS4608-SR7U2100AZW,,,
346,MC67ND-PD0BAB00500,,,
347,DPP-250-BT,,,
348,CT-S651IIS3UBUBKP,,,
349,CS6080-SR40004VZWW,,,
350,912LB470100133,,,
351,C31CJ95022,,,
352,ZQ62-HUFA000-00,,,
353,C31CH92012,,,
354,C31CJ95022,,,
355,SRP-Q302K,,,
356,MB8-BAT-SCN10,,,
357,ZD22042-D01G00EZ,,,
358,CT-S4000RSU-BK,,,
359,C31CJ95022,,,
360,C31CJ95022,,,
361,37966610,,,
362,GK42-102520-000,,,
365,PA03770-B615,,,
366,39472110,,,
367,39472110,,,
368,C11CF37201,"Epson FX-890II 9-Pin Serial Impact Dot Matrix Printer, Up to 738 cps",$363.00,https://www.adorama.com/iesfx890ii.html?origterm=C11CF37201&searchredirect=true
369,MFC-L2750DW,Brother MFC-L2750DW All-In-One Monochrome Laser Printer,$399.99,
370,B11B258201,Epson WorkForce ES-580W Wireless Duplex Touchscreen Desktop Document Scanner,$329.99,https://www.adorama.com/ies580w.html?origterm=B11B258201&searchredirect=true
371,1752264,Dymo LabelWriter 450 High Speed Label Printer for Windows XP/Vista or Mac OS,$99.00,https://www.adorama.com/dylw450.html?origterm=1752264&searchredirect=true
372,C11CE84201,"Epson PictureMate PM-400 Wireless Compact Color Personal Photo Lab Inkjet Photo Printer, 5760x1440 dpi, 4x6"" at 36 Sec Print Speed",$269.99,https://www.adorama.com/iespm400.html?origterm=C11CE84201&searchredirect=true
373,W1A30A,,,
374,B11B228201,"Epson WorkForce ES-500W Wireless Duplex Document Scanner, 300 dpi Optical/1200 dpi Interpolated Resolution, Up to 35 ppm/70 ipm Scan Speed, 50 Sheet Auto Document Feeder",$399.99,https://www.adorama.com/ieses500w.html?origterm=B11B228201&searchredirect=true
375,MFC-L5700DW,Brother MFC-L5700DW All-in-One Monochrome Laser Printer,$549.99,
376,J8H61A,HP LaserJet Pro M501dn Black and White Laser Printer,$659.00,
377,ZD41022-D01E00EZ,,,
378,62433801,"OKI Data Microline 620 Dot Matrix Impact Printer, Dual 9-Pin, 700 cps, 288x72 dpi, Parallel/USB2.0",$599.00,https://www.adorama.com/okml620.html?origterm=62433801&searchredirect=true
379,1950GHD-2USB-N,,,
380,C11CH37201,"Epson SureColor P900 17"" Wide Format Wireless Inkjet Photo Printer","$1,249.00",https://www.adorama.com/iescp900.html?origterm=C11CH37201&searchredirect=true
381,PA03643-B005,,,
382,HL-L6300DW,Brother HL-L6300DW Monochrome Laser Printer,$349.99,https://www.adorama.com/brhll6300dw.html?origterm=HL-L6300DW&searchredirect=true
383,2646C002,"Canon imageFORMULA DR-C230 Compact Document Scanner, 600dpi Optical Resolution, 30 ppm/60 ipm (B/W & Color) Scan Speed, 60 Sheet Automatic Document Feeder",$371.00,https://www.adorama.com/icadrc230.html?origterm=2646C002&searchredirect=true
384,B11B259201,Epson DS-730N Network Color Document Scanner,$499.00,https://www.adorama.com/iesds730n.html?origterm=B11B259201&searchredirect=true
385,C31C514653,,,
386,GK42-102510-000,,,
387,PA03770-B005,,,
388,3PZ55A,,,
389,F2G68A,,,
390,0114T27902,"Canon imageFORMULA DR-M160II Office Document Scanner, 600dpi Optical Resolution, 60 Sheets Feeder Capacity, Hi-Speed USB 2.0 Interface,",$899.00,https://www.adorama.com/icadrm160ii.html?origterm=0114T27902&searchredirect=true
391,C31C163272,,,
392,SRP-350IIICOG,,,
393,SRP-350IIICOG,,,
394,L1910A,,,
395,B11B236201,"Epson DS-530 Color Duplex Document Scanner, 300 dpi Optical, 35 ppm Speed, 50 Sheets Capacity, SuperSpeed USB 3.0",$349.00,https://www.adorama.com/iesds530.html?origterm=B11B236201&searchredirect=true
396,7ZU78A,HP Color LaserJet Enterprise M555dn Duplex Color Laser Printer,$999.00,https://www.adorama.com/ihpm555dn.html?origterm=7ZU78A&searchredirect=true
397,GK42-202210-000,,,
398,SRP-275IIICOESG,,,
399,282P-101110-000,,,
400,282P-101110-000,,,
401,ZP450-0501-0006A,,,
402,SL-M2024W,,,
403,6228B002,"Canon PIXMA PRO-100 Professional Inkjet Photo Printer, 4800x2400 Resolution, WiFi, 13x19"" Max Paper Size",$549.00,https://www.adorama.com/icapro100.html?origterm=6228B002&searchredirect=true
404,C31C517653,,,
405,C11CJ88202,Epson EcoTank Pro ET-5180 Wireless All-in-One Cartridge-Free Supertank Inkjet Printer,$649.99,https://www.adorama.com/ieset5180.html?origterm=C11CJ88202&searchredirect=true
406,1446B002,,,
407,1446B002,,,
408,62444301,"OKI Data B412dn Monochrome Laser Printer, 35 ppm Simplex/17 ipm Duplex Print Speed, 1200x1200 dpi, 250 Sheet Standard Input Tray",$209.00,https://www.adorama.com/okb412dn.html?origterm=62444301&searchredirect=true
409,W1A79A,"HP Color LaserJet Pro MFP M479fdn Duplex Laser Printer, 27ppm, USB 2.0, Ethernet",$819.00,
410,SRP-270D,,,
411,B11B250201,,,
412,CZ155A,,,
413,GC420-200510-000,,,
414,K0Q17A,HP LaserJet Enterprise M608n Laser Printer,"$1,199.00",
415,CB411A,,,
416,7PS84A,,,
417,C8970A,,,
418,ZD6A142-D01F00EZ,,,
419,MFC-J4420DW,,,
420,C11CD77201,,,
421,M15MX,,,
422,1015189,,,
423,W1Y44A,"HP Color LaserJet Pro M454dn Duplex Laser Printer, 27ppm (Black/Color), 600x600 dpi, 250 Sheet Standard Input Tray, USB 2.0 and Ethernet Connectivity",$629.00,https://www.adorama.com/ihpm454dn.html?origterm=W1Y44A&searchredirect=true
424,ZD4A043-D01E00EZ,,,
425,C31C412A7661,,,
426,C31CB25024,,,
427,G32432-1M,,,
428,B1160w,Dell YK1PM Black Toner Cartridge,$97.49,https://www.adorama.com/delyk1pm.html?origterm=B1160w&searchredirect=true
429,ZD62042-D01F00EZ,,,
430,CB027A,,,
431,62000,"Seal Print Mount White Mounting Adhesive, 2mil, 25""x200' Roll",$333.00,
432,1PV64A,"HP LaserJet Enterprise MFP M528dn Monochrome Duplex Laser Printer, Up to 45ppm, Up to 1200x1200 dpi, 550 Sheet Standard Input Tray, Ethernet Connectivity - Print, Copy, Scan","$1,979.00",https://www.adorama.com/ihpm528dn.html?origterm=1PV64A&searchredirect=true
433,39464910,,,
434,ZQ61-HUWA000-00,,,
435,Q8232A,,,
436,CC376A,,,
437,ZD50042-T01A00FZ,,,
438,ZD50042-T01A00FZ,,,
439,ZD50042-T01A00FZ,,,
440,CZ181A,,,
441,ML-2510,Samsung ML-2510 Monochrome Compact Laser Printer with 1200x600 dpi Resolution and Up to 24 ppm Print Speed,$139.95,https://www.adorama.com/ssgml2510.html?origterm=ML-2510&searchredirect=true
442,ML-2510,Samsung ML-2510 Monochrome Compact Laser Printer with 1200x600 dpi Resolution and Up to 24 ppm Print Speed,$139.95,https://www.adorama.com/ssgml2510.html?origterm=ML-2510&searchredirect=true
443,W1A29A,,,
444,62446501,,,
445,DS8108-SR7U2100AZW,,,
446,42CT360,,,
447,G47500M,,,
448,E515dw,,,
449,HL-L2395DW,Brother HL-L2395DW All-In-One Monochrome Laser Printer,$219.99,https://www.adorama.com/brhll2395dw.html?origterm=HL-L2395DW&searchredirect=true
450,RS5000-LCBSWR,,,
451,1902HHD-0USBA-7NAP,,,
452,30204-0080KE,,,
453,C11C574001,,,
454,DS3678-SR3U42A0SFW,,,
455,ZD6A042-D01L01EZ,,,
456,ZP505-0503-0017,,,
457,1769-SDN,,,
458,1041290,,,
459,1028934,,,
460,VP-1201,,,
461,SDX85C,,,
462,MFC-J805DW,Brother MFCJ805DW XL Wireless Extended Print INKvestment Tank Color Inkjet,$269.99,https://www.adorama.com/brmfcj85dwxl.html?origterm=MFC-J805DW&searchredirect=true
463,MP7001-LPSLM00US,,,
464,TC720L-0ME24B0-NA,,,
465,S3100,"Casio PX-S3100 Privia 88-Key Digital Piano, Black with Accessories Kit",$899.98,
466,39651310,,,
467,ZQ62-HUWA000-00,,,
468,ZD4AH43-301E00EZ,,,
469,TC26AK-11A222-NA,,,
470,TC26AK-11A222-NA,,,
471,1981IFR-3-N,,,
472,TC210K-01D241-NA,,,
473,ZQ32-A0W01R0-00,,,
474,ZQ32-A0W01R0-00,,,
475,1952HHD-5USB-5-N,,,
476,C31CJ27012,,,
477,C31CJ27A9981,,,
478,DS2278-SR6UMC00AZW,,,
479,DS9308-SR4U2100AZW,,,
480,C31CH92012,,,
481,MC319Z-G14H24E0W,,,
482,C31CH92011,,,
483,PC23DA0110021,,,
484,SRP-Q302K,,,
485,CR647-67021,,,
486,A2W77-67902,,,
487,39472370,,,
488,39472010,,,
489,V12H759020,Epson DC-07 Document Camera,$199.00,https://www.adorama.com/iesdc07.html?origterm=V12H759020&searchredirect=true
490,C31C637132,,,
491,DS4608-HCBU2100AZW,,,
492,C31CE74001,,,
493,RP2A00N0B00,,,
494,GD4590-BK-DGM,,,
495,QL-1100,"Brother QL1100 Wide Format Professional Label Printer, 4.09"" Label Width, 69 Labels Per Min Print Speed, 300x300 dpi Resolution, Black & White",$199.99,https://www.adorama.com/brql1100.html?origterm=QL-1100&searchredirect=true
496,C31CE74001,,,
497,DBD42-2085-G1B,,,
498,DS9908-DL00004ZZNA,,,
499,DS4608-HD7U2100AZW,,,
500,CR1500-K201-C500,,,
501,PF8TG03000000,,,
502,K3L29AA,,,
503,PL150K,"Photogenic PL-150K, 1000ws Solair Powerlight Kit, with Two PL500DRC 500ws Solair Lights, Stands, Umbrellas and Case.(PL150K)","$1,929.95",https://www.adorama.com/popl150k.html?origterm=PL150K&searchredirect=true
504,PC23DA0110021,,,
505,1400G2D-2USB-N,,,
506,GM4102-BK-910,,,
507,DS9908-SR00004ZZWW,,,
508,7680GSR-2USB-1-N,,,
509,CRD-MPM-1SCHGUS1-01,,,
510,A798-220D-TD00,,,
511,1470G2D-2USB-N,,,
512,A799-C80W-HN00,,,
513,CC476-67911,,,
514,MK9535-39B538,,,
515,ZSB-DP12N,,,
516,CT-E351ETUBK,,,
517,A2W77-67902,,,
518,QD2330-BKK1,,,
519,1470G2D-2USB-1-N ,,,
520,MK9535-39B538,,,
521,P1061022-012,,,
522,3870PDF-A2,,,
523,C31CD70012,,,
524,QW2420-BKK11,,,
525,CF286-60105,,,
526,GBT4102-HC,,,
527,CS6080-HC4F00BVZWW,,,
528,1250G-2USB-N,,,
529,1602G1D-2USB-OS,,,
530,MS146IAG,,,
531,QS65B-3662105-402R,,,
532,DS4208-DL00007WR,,,
533,1950GSR-2-INT-N,,,
534,99-500005-01,,,
535,CN3BSH80000Z4G1,,,
536,DE601-104D,,,
537,1250G-2USB-N,,,
538,30205-0066E,,,
539,VNM4 PRO,,,
540,H14,,,
541,ZD62142-D01L0640,,,
542,SF810I-LOS-UVIR-T-C-W,,,
543,1010867,,,
544,TA308CI,,,
545,1056431,,,
546,D136,"Xerox Toner Cartridge for D136 Printer, Black",$264.00,https://www.adorama.com/xe006r01668.html?origterm=D136&searchredirect=true
547,MX-5071S,,,
548,937240PT,,,
549,HTP600,,,
550,AG4-6E,,,
551,HDL-64ES3,,,
552,TS5596-LL,,,
553,I16-00-48900L07,,,
554,2444C007,,,
555,VLF-500,,,
556,CX-D80 ,,,
557,1102ZS2CS0,,,
558,UP-991AD,,,
559,40648-0010,,,
560,SCF570PE,,,
561,CN85-ML-RS-01,,,
562,BM3 Pro,,,
563,8200-K1111,,,
564,8200-K1111,,,
565,SZ-V32NX,,,
566,828-10348-1R,,,
567,3GY25A,,,
568,49600-91,,,
569,958001080,,,
570,1952GSR-BF-32818N,,,
571,P520I-0000U-ID0,,,
572,821-10026-1R,,,
573,CP-2000DU,,,
574,L3U70A,,,
575,J8J80A,,,
576,3GY12A,,,
577,3470-01392,,,
578,3470-01392,,,
579,3470-01392,,,
580,X74-00-03000000,,,
581,C8187A,,,
582,50020,"Leupold Standard 70 RVR Two-Piece Mounting Base for Select Winchester Rifles, Gloss",$22.00,https://www.adorama.com/ld50020.html?origterm=50020&searchredirect=true
583,V520-LHA7127-P,,,
584,2653-271-12,,,
585,MK908P,,,
586,6200-E1C,,,
587,CP800E,,,
588,1747-SDN/D,,,
589,70001,"Innova Art Cards, Small (#6) 100 Cards and Envelopes, Velvet Smooth Matte Finish",$85.83,
590,529464-002,,,
591,UP-D898MD,,,
592,MJ2020DB-1-1USB,,,
593,3GY12A,,,
594,Z4L04A,,,
595,2755-LD8A1/A,,,
596,ZT41143-T0E0000Z,,,
597,SST-EDN-1,,,
598,MC330K-GI4HA4NA,,,
599,820-0238-1R B,,,
600,JR10-71461,,,
601,6AH00000982,,,
602,525302-047,,,
603,DM-374X-M,,,
604,MC330K-GE4HG3US,,,
605,943500010,,,
606,CC520A,,,
607,1753-DNSI/A,,,
608,FIS-0880-0100,,,
609,1015397,,,
610,62406301,,,
611,50G0528,,,
612,V520-LHA7127-P,,,
613,62433403,,,
614,6AH00000970,,,
615,FIS-6300-0006G,,,
616,UP-D898MD,,,
617,3GY15A,,,
618,3GY15A,,,
619,ZC11-0000000USLT,,,
620,P430I-0000C-ID0,,,
621,FIS-6300-0006G,,,
622,I3MK3S,,,
623,20T4450,,,
624,3GY10A,,,
625,506346-023,,,
626,50020,"Leupold Standard 70 RVR Two-Piece Mounting Base for Select Winchester Rifles, Gloss",$22.00,https://www.adorama.com/ld50020.html?origterm=50020&searchredirect=true
627,525300-003,,,
628,2223C002,,,
629,B-452-TC12-QQ-CHA,,,
630,50020,"Leupold Standard 70 RVR Two-Piece Mounting Base for Select Winchester Rifles, Gloss",$22.00,https://www.adorama.com/ld50020.html?origterm=50020&searchredirect=true
631,P220,,,
632,CE258A,,,
633,3GX99A,,,
634,C11C617001,,,
635,915AH030200700,,,
636,3GY14A,,,
637,3GY14A,,,
638,36S0520,,,
639,MP6200-LN030M010US,,,
640,99-044N001-00LF,,,
641,MP6200-LN030M010US,,,
642,PX4C010000003020,,,
643,FH58S-6932,,,
644,EP3-00-1J000P40,,,
645,VNM4 PRO,,,
646,FIS-6300-0006G,,,
647,8098A025,,,
648,3GY14A,,,
649,1102G12US0,,,
650,y4088701,,,
651,VX100-1-FF-IJ,,,
652,A6WP011,,,
653,CF040A,,,
654,F2A67A,,,
655,6145-2TC,,,
656,ZD42H42-D0EE00EZ,,,
657,DMR-100S-00,"ClearBags Antimicrobial SmartSleeves for Phones, X-Large, 100-Pack",$15.99,https://www.adorama.com/claps37b.html?origterm=DMR-100S-00&searchredirect=true
658,Y1G00A,,,
659,ZD42H42-D0EE00EZ,,,
660,3345/DNIM,,,
661,1750256247,,,
662,3PZ75A,,,
663,TS240 ,,,
664,04P74-01,,,
665,1131176,,,
666,TC700k-02B24B-K1,,,
667,MX-B427W,,,
668,GK42-102510-00GA,,,
669,P50,"Wimberley P50 6.5"" Arca-Type Quick Release Plate for Long Telephoto Lenses",$58.00,https://www.adorama.com/wip50.html?origterm=P50&searchredirect=true
670,MC9190-GA0SWEQASWR,,,
671,7837-4010-9090,,,
672,S35202,,,
673,ZD62142-D01L0640,,,
674,FX-1170,Epson Black Fabric Ribbon Cartridge #8755-9 Pin,$9.00,https://www.adorama.com/ies8755.html?origterm=FX-1170&searchredirect=true
675,WU005878-0001,,,
676,ZD62142-D01L0640,,,
677,ZD62142-D01L0640,,,
678,M10XPD,,,
679,36S0804,,,
680,40N9743,,,
681,QN4-AUNA0E01-W1,,,
682,EB2-K8-0J001B00,,,
683,DUNT-8595DS12,,,
684,35S6830,,,
685,L2717-69004,,,
686,ZP505-0503-0025,,,
687,36S0320,,,
688,Z4M71-0011-2001,,,
689,SSI-M14D-203,,,
690,SRNELITE-ETH2-E,,,
691,26A0000,,,
692,1505J50UN0,,,
693,3PZ35A,,,
694,NS915I,"Ambir NS915i Wireless DeskTop Scanner with IOS and Android App, 600 x 600 dpi, 17 ppm/34 ipm Scan Speed (Black&White, Grayscale Mode), 50 Sheets ADF",$685.00,https://www.adorama.com/amns915i.html?origterm=NS915I&searchredirect=true
695,DS8178-SR0F107ZZWW,,,
696,V525W,Dell 31 Cyan Ink Cartridge for V525w and V725w Printers,$66.99,https://www.adorama.com/delpyx1v.html?origterm=V525W&searchredirect=true
697,2653-271-12,,,
698,39473110,,,
699,ZP450-0202-0004A,,,
700,CM350H,,,
701,SC-F170,,,
702,C31CB49A9922,,,
703,GX43-202510-00DM,,,
704,ZP505-0503-0025,,,
705,ZP450-0202-0004A,,,
706,1750160,,,
707,1991ISR-3,,,
708,XDM39205D-WU,,,
709,GK42-202520-000,,,
710,9487B002,,,
711,C31C412A7391,,,
712,CL-S521IINNUBK,,,
713,C11C686201,,,
714,99-039A001-0001,,,
715,126K29404,,,
716,LS-1000,,,
717,UP-55MD,,,
718,1902GSR-2-09226,,,
719,1750110,,,
720,1048230,,,
721,ZD41022-D01M00DL,,,
722,1750110,,,
723,P040-02-030,,,
724,CB062A,,,
725,39651110,,,
726,49-223820-000A,,,
727,EB2-K8-0J001B00,,,
728,GK42-202520-000,,,
729,33S0400,,,
730,SR-B1,Arri CP-40 1000W/220-240V Lamp for and Other 1K Fresnels,$50.00,https://www.adorama.com/ar531142.html?origterm=SR-B1&searchredirect=true
731,C51CD06100,,,
732,T0B51-67023,,,
733,2602000,,,
734,NC-1000,,,
735,ZD41022-D0E000EZ,,,
736,VX50-1-1F-NJ,,,
737,VX50-1-1F-NJ,,,
738,88f-70gtub-0ud,,,
739,VC5090-MA0TMQGH6WR,,,
740,Q4D-LUGA0021-W1,,,
741,90T4160,,,
742,GK42-102510-00,,,
743,ZD41022-D0E000EZ,,,
744,CX3585-2236,,,
745,C31C514A7721,,,
746,199689-001,,,
747,C31C514824,,,
748,C11CF24201,,,
749,C31C411A7511,,,
750,35ST060,,,
751,C31CE94084,,,
752,3AA01461200,,,
753,DS8178-SR0F107ZZWW,,,
754,3GS20AA,,,
755,120122.61,,,
756,ZD41022-D0E000EZ,,,
757,7128-0016-8801,,,
758,6145-2TC,,,
759,C31CA85A6591,,,
760,1738542,,,
761,3-360252-02,,,
762,1952GHS-2USB-5-N,,,
763,Q5917A,,,
764,CN733A,,,
765,DS3508-DP20005R,,,
766,EB2-K8-0J001B00,,,
767,"2891-301, 63246",,,
768,2BYJ5PA0020,,,
769,88F-70GTUB-0UD,,,
770,6000-916HS,,,
771,6000-916HS,,,
772,39443901,,,
773,E1680-SE,,,
774,62409801,,,
775,OS4718-2,,,
776,55-6264,,,
777,wI:DEAL,,,
778,39651110,,,
779,C31CC79711,,,
780,604k64981,,,
781,1747-SDN/B,,,
782,6145-2TC,,,
783,C21XS-1141,,,
784,WID-NJ-1,,,
785,XDM5105D-WU,,,
786,C31CD52A9862,,,
787,6145-2TC,,,
788,PB40A0B140,,,
789,MC3090Z-LC48HBAQE1,,,
790,L78709-001,,,
791,SRP-275C,,,
792,99-058A038-00LF,,,
793,C31C226A8910,,,
794,CR647-67021,,,
795,AQX1PRNTR,,,
796,C31CH51011,,,
797,M4401-HCK10-BPOC,,,
798,C31CE94A9671,,,
799,06-1435-10234,,,
800,1130N,,,
801,120765-001,,,
802,99-125H008-00LF,,,
803,8477770,,,
804,LS9208-SR11011NSJR,,,
805,MCP8850B,,,
806,497-0508382,,,
807,NC-1000,,,
808,1306B008,,,
809,1952GSR-BF-32818KN,,,
810,LS3408-FZ20005,,,
811,J645,,,
812,PD7130-BB-C036,,,
813,18222260990,,,
814,MC3090-GU0NRCK00WR,,,
815,MC4597-AAPBM0000,,,
816,Q8160A,,,
817,C31C412A8261,,,
818,MP-190GA-5,,,
819,LS3408-FZ20005,,,
820,POS80GX,,,
821,WCB-W3-0J000000,,,
822,4610-TG4,,,
823,1900GSR-2-24121,,,
824,93105,,,
825,DBD42-2085-GSS,,,
826,200062-000,,,
827,P040-02-030,,,
828,1924802,,,
829,0R7YH5,,,
830,TCD30010304R,,,
831,SB500,,,
832,VX-MFS,,,
833,DS4308-SR00007WR,,,
834,MC3090-KK0PPAG6WR,,,
835,MC3190-SL2S04E0A,,,
836,5252B038,,,
837,DS2208-SR00107ZZWW,,,
838,8550-00036 K,,,
839,CN3BSH80000Z4G5,,,
840,OS2177US,,,
841,7HC65A,,,
842,LS9208I-1NNU0100SR,,,
843,MC9060-GF0HBAEA4WW,,,
844,C8057-69001K3-R,,,
845,1323767,,,
846,3320G-2-INT-N,,,
847,P002-121-00.H01,,,
848,SLP220,,,
849,905280-001,,,
850,CQ890-67108,,,
851,MG112041-001-412B,,,
852,8.0403.06,,,
853,HSN-NL01,,,
854,CN4G5H801U1E900,,,
855,WPB-W5-0J000000,,,
856,GPS4490-BKK20-C754,,,
857,MJ2020DB-1-1USB,,,
858,TRABJ2500,,,
859,671374-001,,,
860,MC1790-GU0PBMG01WR,,,
861,MC1790-GU0PBMG01WR,,,
862,200062-000,,,
863,CK61GN1D2N1G01GA,,,
864,ZJ-5805DD,,,
865,671374-001,,,
866,NLS-HR3280-S5,,,
918,C11CJ20201,Epson EcoTank Photo ET-8500 Wireless All-in-One Cartridge-Free Supertank Inkjet Printer,$599.99,https://www.adorama.com/ieset8500.html?origterm=C11CJ20201&searchredirect=true
923,DS4308-HD7U2100AZW,,,
924,9316A001,,,
925,CT-S2000PAU-BK,,,
926,C11CG19201,,,
927,PT2000SE,,,
928,C11CJ63205,,,
929,3PZ75A,,,
930,W6B55A,,,
931,633808920128,,,
932,DCP-L2550DW,Brother DCP-L2550DW All-in-One Monochrome Laser Printer,$199.99,https://www.adorama.com/brdcpl2550dw.html?origterm=DCP-L2550DW&searchredirect=true
933,1593789,,,
942,For MPN Verification,,,
943,For MPN Verifcation,,,
944,No MPN Mentioned,,,
945,No MPN Mentioned,,,
946,No MPN Mentioned,,,
947,For MPN Verification,,,
948,No MPN Mentioned,,,
949,No MPN Mentioned,,,
950,For MPN Verification,,,
951,For MPN Verification,,,
952,For MPN Verification,,,
953,For MPN Verification,,,
954,For MPN Verification,,,
955,For MPN Verification,,,
956,For MPN Verification,,,
957,For MPN Verification,,,
958,For MPN Verification,,,
959,For MPN Verification,,,
960,No MPN Mentioned,,,
961,No MPN mentioned,"Rockustics 500' Direct Burial Wire, 14-Guage, 2-Conductor, Black",$198.00,https://www.adorama.com/rowr142db500.html?origterm=No+MPN+mentioned&searchredirect=true
962,No MPN Mentioned,,,
963,For MPN Verification,,,
964,No MPN Mentioned,,,
965,No MPN Mentioned,,,
966,No MPN Mentioned,,,
967,No MPN Mentioned,,,
968,No MPN Mentioned,,,
969,No MPN Mentioned,,,
970,No MPN Mentioned,,,
971,For MPN Verification,,,
972,No MPN mentioned,,,
973,No MPN Mentioned,,,
974,For MPN Verification,,,
975,No MPN Mentioned,,,
976,No MPN Mentioned,,,
977,No MPN Mentioned,,,
978,No MPN Mentioned,,,
979,No MPN Mentioned,,,
980,No MPN Mentioned,,,
